n,l,m,spin,n_points,im_min,im_max,im_mean
3,2,2,0.50,20,-1.605965e-02,1.251640e-14,-9.700132e-04
3,2,2,0.90,20,-7.192634e-03,1.102350e-09,-3.616929e-04
3,2,2,0.95,20,-3.793224e-03,4.638154e-09,-1.897696e-04
